{
    "format_version": "1.19.0",
    "type": "minecraft:crafting_shaped",
    "pattern": [
        "sss",
        "GcG",
        "gcg"
    ],
    "key": {
        "s": {
            "item": "minecraft:stick"
        },
        "G": {
            "item": "minecraft:gold_nugget"
        },
        "c": {
            "item": "minecraft:copper_ingot"
        },
        "g": {
            "item": "minecraft:gold_ingot"
        }
    },
    "result": {
        "item": "minecraft:bell",
        "count": 1
    }
}